<ETHERNETKRL>
  <CONFIGURATION>
        <EXTERNAL>
          <IP>x.x.x.x</IP>
          <PORT>7000</PORT>
          <TYPE>Server</TYPE>
        </EXTERNAL>
        <INTERNAL>
          <BUFFERING Mode="FIFO" Limit="32"/>
          <ALIVE Set_Flag="997"/>
        </INTERNAL>
      </CONFIGURATION>
  <SEND>
    <XML>
      <ELEMENT Tag="req/node/rc_cadmatch" Type="STRING"/>
      <ELEMENT Tag="req/service/set_grasp" Type="STRING"/>
      <ELEMENT Tag="req/args/grasp/@gripper_id" Type="STRING"/>
      <ELEMENT Tag="req/args/grasp/@id" Type="STRING"/>
      <ELEMENT Tag="req/args/grasp/@priority" Type="INT"/>
      <ELEMENT Tag="req/args/grasp/@template_id" Type="STRING"/>
      <ELEMENT Tag="req/args/grasp/pose/@X" Type="REAL"/>
      <ELEMENT Tag="req/args/grasp/pose/@Y" Type="REAL"/>
      <ELEMENT Tag="req/args/grasp/pose/@Z" Type="REAL"/>
      <ELEMENT Tag="req/args/grasp/pose/@A" Type="REAL"/>
      <ELEMENT Tag="req/args/grasp/pose/@B" Type="REAL"/>
      <ELEMENT Tag="req/args/grasp/pose/@C" Type="REAL"/>
      <ELEMENT Tag="req/args/grasp/replication/@max_x_deg" Type="REAL"/>
      <ELEMENT Tag="req/args/grasp/replication/@min_x_deg" Type="REAL"/>
      <ELEMENT Tag="req/args/grasp/replication/@step_x_deg" Type="REAL"/>
      <ELEMENT Tag="req/args/grasp/replication/origin/@X" Type="REAL"/>
      <ELEMENT Tag="req/args/grasp/replication/origin/@Y" Type="REAL"/>
      <ELEMENT Tag="req/args/grasp/replication/origin/@Z" Type="REAL"/>
      <ELEMENT Tag="req/args/grasp/replication/origin/@A" Type="REAL"/>
      <ELEMENT Tag="req/args/grasp/replication/origin/@B" Type="REAL"/>
      <ELEMENT Tag="req/args/grasp/replication/origin/@C" Type="REAL"/>
      <ELEMENT Tag="req/end_of_request" Type="BOOL"/>
    </XML>
  </SEND>
  <RECEIVE>
    <XML>
      <ELEMENT Tag="res/return_code/@message" Type="STRING"/>
      <ELEMENT Tag="res/return_code/@value" Type="INT"/>
      <ELEMENT Tag="res" Set_Flag="998"/>
    </XML>
  </RECEIVE>
</ETHERNETKRL>
